<?xml version="1.0" encoding="UTF-8"?>
<resourceDescriptor>
    <resourceGroup>DMN_Plugin</resourceGroup>
    <resourceGroupLabel>DMN Plugin</resourceGroupLabel>
    <resourceGroupDescription>Decision Model and Notation (DMN) 1.6 Plugin for Magic Systems</resourceGroupDescription>
    <resourceGroupIcon>/icons/dmn-icon.png</resourceGroupIcon>
    <resource>
        <id>DMN_Plugin</id>
        <label>DMN Plugin</label>
        <version>1.0</version>
        <provider>Example Company</provider>
        <providerURL>https://www.example.com</providerURL>
        <description>Implements Decision Model and Notation (DMN) 1.6 specification elements for Magic Systems</description>
        <edition>Ultimate,Team,Standard,Community</edition>
        <requires>
            <id>com.nomagic.magicdraw.uml2</id>
        </requires>
        <plugin>plugin.xml</plugin>
    </resource>
</resourceDescriptor>